threshold,label,prize
1,First Pages,Bookmark
100,100 Pages,Pencil and Stickers
500,500 Pages,Ribbon
"1,000","1,000 Pages",BCS Waterbottle
"2,500","2,500 Pages",Pen
"5,000","5,000 Pages",Metal Bookmark
"7,500","7,500 Pages",Baskin Robbin’s Ice Cream Scoop Giftcard
"10,000","10,000 Pages",BCS T-Shirt
"12,500","12,500 Pages",$5 Children’s Place Giftcard
"15,000","15,000 Pages",Fidget Toy
"20,000","20,000 Pages",Stickers
"25,000","25,000 Pages",Enamel Pin
"30,000","30,000 Pages",$5 Puddletown Games Giftcard
"40,000","40,000 Pages",Book
"55,000","55,000 Pages",Medal
"70,000","70,000 Pages",Engraved Bookmark
"85,000","85,000 Pages",$10 Powell’s Giftcard
"90,000","90,000 Pages",Lunch w/Principal Presely
"100,000","100,000 Pages",Trophy
